id,vilification,extreme_language,stereotype,invalidation,lack_of_empathy,dehumanization
en_f66ca14d60851371f9720aaf4ccd9b58,0,0,0,0,0,0
en_3a489aa7fed9726aa8d3d4fe74c57efb,0,0,0,0,0,0
en_95770ff547ea5e48b0be00f385986483,0,0,0,0,0,0
en_2048ae6f9aa261c48e6d777bcc5b38bf,0,0,0,0,0,0
en_07781aa88e61e7c0a996abd1e5ea3a20,0,0,0,0,0,0
en_153d96f9dc27f0602c927223404d94b5,0,0,0,0,0,0
en_4ab5a4cc5c87d0af9cf4b80c301647bf,1,1,1,1,0,0
en_e75a95ba52930d6d72d503ab9469eb29,0,0,0,0,0,0
en_eb8fab668668f9959cafdecbfc0f081a,0,0,0,0,0,0
en_702724dc168d600e788d775c8e651f36,0,0,0,0,0,0
en_0efa1a3567443075db38c7ce2dcca571,0,0,0,0,0,0
en_d08d4243fd2786795df39c1a65dacac7,0,0,0,0,0,0
en_79fa99ba6989fb61ec127c6c99fc2343,0,0,0,1,0,0
en_30981038b71c210e97731d90e86038c5,0,0,0,0,0,0
en_b75e663a6fdc280171b6385b99306a3c,0,0,0,0,0,0
en_de2baffcfc59b672905e6f2694f672f6,0,0,0,0,0,0
en_d887794cce49564890a2552cdfb745d2,0,0,0,0,0,0
en_097b78cf6e209e6778e1fbda10d28b8d,0,0,0,0,0,0
en_6d29b7c72a091789d06d92157688e07f,0,0,0,0,0,0
en_00c797e70f1a2f50f1c59655f08581e1,1,1,1,1,1,1
en_f1e66eab0b9b2c4a83103eb65a67046e,0,0,0,0,0,0
en_4bf47d33b804477375ade2a151cb2614,0,0,0,0,0,0
en_6b4616355cbed93c122ca3e2369b3a0d,0,0,0,0,0,0
en_f011b534fb34efc8c574d2e16d3a95f5,0,0,0,0,0,0
en_8376c26da2f537abeada29ed927d3e01,0,0,0,0,0,0
en_af8597fa9be96fdfabb05c593476913c,0,0,0,0,0,0
en_e0f6e8dce6d6a6c13632b80100e5a6b1,0,0,0,0,0,0
en_48b992b30d2029785845b563a5ed5908,0,0,0,0,0,0
en_265277158900e90636bb6614c8f265b7,0,0,0,0,0,0
en_3c4dc44df877cfb232d222462dab6543,0,0,0,0,0,0
en_08a2c6cca0e7d33249339bbbef85c6c1,0,0,0,0,0,0
en_68280914d983fd99c5630ddd76e4bd95,0,0,0,0,0,0
en_cd13f9dc863b830f0f1a123db729eaff,0,0,0,0,0,0
en_6f76d66a4bd34d5ce4a94ec943385197,0,0,0,0,0,0
en_12e097065c75824d4121c0ec670647c1,0,0,0,0,0,0
en_bbd31cdfc7077e4903c3204ef1b9175f,0,0,0,0,0,0
en_4b4f2e1f0e1255dccef1959d2b30165b,0,0,0,0,0,0
en_cae0921076de11e46ad10498cc7d5441,0,0,0,0,0,0
en_298c63907209feee5c7cfe0bba8cb7be,0,0,0,0,0,0
en_47c81418327ba69c71e62f93a060ed39,0,0,0,0,0,0
en_1d443006327009ce2aff905147b39692,0,0,0,0,0,0
en_71021b3579c72f916147f751bce10e0c,0,0,0,0,0,0
en_de9a2ae60667aaddf4c646338764b526,0,0,0,0,0,0
en_c07a5a7dabfdb3965ec98128f318175f,1,1,0,0,0,0
en_fbceb1ae34db8daf3cf672a3d4256ddf,0,0,0,0,0,0
en_3fee89034fbdfa73372d1c88eb0aea59,0,0,0,0,0,0
en_c532b3613bde52aa43a9475f1ea0b32d,0,0,0,0,0,0
en_29ea84be308aaa614a463ddba1dfb36d,0,0,0,1,1,0
en_7b509629f338753f35fef4914bda9da6,0,0,0,0,0,0
en_3152400ae6bd362a4ae4405ea86070ec,0,0,0,0,0,0
en_c3a320d25b76f154caab9d9361b00907,0,0,0,0,0,0
en_3235c4f9ae1a74593f5cc6cff9277a85,0,0,0,0,0,0
en_0077188f1a05dd1d68f8352a9b84ca79,0,0,0,0,0,0
en_a390951455e707af9520c71ffc9db2d9,0,0,0,0,0,0
en_2b75f86d237a8699a27582ad90e42919,0,0,0,0,0,0
en_d21174080515b0ad8dc1d00ee4368d4f,0,0,0,0,0,0
en_ef00c86f2c475df7cee4fd5dd25e2bc7,0,0,0,0,0,0
en_74a62e8e997bc736b2894d9bc4da7661,0,1,0,1,0,0
en_9aad387704111e1f051fce5968ef2232,0,0,0,0,0,0
en_db9761cf21a3abb48b2669423ff5788a,0,0,0,1,0,0
en_7811dd491f8437afd9689a75ccb1ce04,0,0,0,0,0,0
en_437f5f40d878166878c2d32b8e16af31,0,0,0,0,0,0
en_a8b55f8a70d1c34f93fbdefa0350e507,0,0,0,0,0,0
en_01057285508602421377273897c3c0e7,0,0,0,0,0,0
en_175c490fa4665823f1dc2fc44e4d98fb,0,0,0,0,0,0
en_1feb16d41ce65927a8153742d14b5b6b,0,0,0,0,0,0
en_8182654f9b6144da76e1cfcc985a4b3a,0,0,0,0,0,0
en_03a2aea654b7697fcd72acdbf7ecf944,0,0,0,0,0,0
en_a4a13cea5e6750286b14ae7a8d81bd28,0,0,0,0,0,0
en_927ef1e092e0b61d9161dccb20b7d212,0,0,0,0,0,0
en_bab15926554f28dc36582b6e275b8805,0,0,0,0,0,0
en_938602684a67196e4bd95b313ad3919f,0,0,0,0,0,0
en_d6d5259e0d04bf6fc543ba5baaf273f1,0,0,0,0,0,0
en_bf5e5633ac2fdca9164c02022e0c99fd,0,0,0,0,0,0
en_31268830d496fa2970b2ff9918b3b7ba,1,1,1,1,0,0
en_95d7415206b7898a7486b0c69197baa2,0,0,0,0,0,0
en_b91a56f542d0513d636a0a019b7726eb,0,1,0,1,0,0
en_eeaa3e10a86dec32fbc1b9f1d156d796,0,0,0,0,0,0
en_e2622eb5bd4d433e6138c58d943b4043,0,0,0,0,0,0
en_533142c1bdb17ab3ffdf43e6e25f1406,0,0,0,0,0,0
en_325cd4d0e08485ec5693fcf15b14ff1f,0,0,0,0,0,0
en_063b19c19c369b678bf3446054569fdf,0,0,0,0,0,0
en_ebe1ae54e0854b322ad3c9667a2a4802,1,1,0,1,1,1
en_f1a522278c7fff07d7d7f3d033b5fa36,0,0,0,0,0,0
en_50c78c3a83be7868fb1ce0d636911f63,1,1,1,1,1,1
en_0f6d980d360c0a6c8f1edfdf6a791fb8,1,1,1,1,1,1
en_5a19fecc98ef147b13b59bd0d8caf8d5,0,0,0,0,0,0
en_3ad13d30d6003ac059e6c923a7a7eafb,0,1,0,1,1,0
en_74e531f9dcb74c5a7bfd9668012a8c74,1,1,0,1,1,0
en_b666fec715d97437ecb9c0c6a54378c4,0,0,0,0,0,0
en_5b51f6101221e28d6da47f2cb7214ee6,1,1,1,1,1,0
en_c12c886536597ecaddd1e94e922e8969,0,0,0,0,0,0
en_882dae250fd3467770c289b835a2aa83,1,1,1,1,1,1
en_b9cfff2304e5349d315bc474ce2899eb,0,0,0,0,0,0
en_3857e2c131a5b5fef5bbf2e9794bcd5e,0,0,0,0,0,0
en_2806bece99f0002047cc86a78a30a1d7,0,0,0,0,0,0
en_003fc3a198de8381e08ab3d85c7e40be,1,1,1,1,0,1
en_d74c7582012f631348296b2dbf10f4f6,1,1,1,1,0,0
en_0e62ae808071606db649622cb73dc2cb,1,1,1,1,1,1
en_8cef4402ae1b38e7c4593cc163bfe10c,1,1,1,1,1,1
en_310cb1f24f3545a53f33e005798ece95,1,1,0,1,1,1
en_5606f46a55984e9bf7db7034d451a1f6,1,1,1,1,1,1
en_ab5a1479644f5672c6337214087ecb4d,1,1,0,0,0,0
en_5e89647c49019ef6f4e3549bc5b41970,1,1,1,1,0,1
en_fd3ae133fa1ae5dac30d88c601d3171e,0,1,0,1,0,0
en_995661141a6abbbdef6770db6e1bd8f5,1,1,0,1,1,1
en_88e3a4bddcf38fe36666e6875399f6c3,1,1,1,1,1,1
en_5fbc07e0e76d061ad2496d55c93f4970,1,1,1,1,1,1
en_ef3116c56645f94bbe998051aaa49e40,1,1,0,1,0,0
en_4cd9e7e11035bcacb2814a1817238e75,0,0,0,0,0,0
en_ebd69a723309a37d9b5f384a3cd5c87c,0,1,0,1,0,0
en_d0b1c523b1cb02e41ca250d4d705efe6,1,1,1,1,1,0
en_5f408abc83c76617c0525e042a3ceb48,0,0,0,0,0,0
en_947ae20dbd1e2a3ba07bcdbd4b6a4eaa,1,1,0,1,1,1
en_3496f210f022027af26571fa2a2b6e30,0,0,0,0,0,0
en_4fca762d791268e973669733aa684e37,1,1,1,1,0,0
en_93a2492e7860be0d7ca445a97e245abe,1,1,1,1,1,1
en_b2f95890baff716a2d871097a1c210fe,1,1,1,1,1,1
en_e5cfe9e96de0f4873a4a6dbfca573be2,0,0,0,0,0,0
en_897afb355e98b187b9f75478bbbf2c51,1,1,1,1,1,1
en_f0ae86891c2da536ebf24c0f3964dca8,1,1,0,1,1,0
en_e231e20dbb7d3d433637dbb3d3c946a0,1,1,0,1,1,1
en_8ee2b2e8b53c55407f30fbf1219b1588,1,1,0,1,1,0
en_0eb6247db86e3b42c8dc125317957580,0,0,0,0,0,0
en_185e4dabf037ec90771e1bd18e621e2a,1,1,1,1,1,1
en_dbadd716608d71fb92621f7f8259f4e4,0,0,0,0,0,0
en_ac3c36cc719bdce4cab6c919b9b2429e,0,1,1,1,1,0
en_5d8aa4863fe2f8c26f541937ff5a0368,1,1,1,1,1,1
en_2fd4484b6bab80971a96b2100e20966a,0,0,0,0,0,0
en_0e11358da0c0e0cd8e0fdedf05a0cbba,1,1,0,1,0,0
en_0fb944d51bb376102a3ea6b65bafab6a,1,1,0,0,0,0
en_d9253eaeb206934208a57786b688c316,0,0,0,0,0,0
en_d841e099c41eb0fdd803e7c0a6109933,0,0,0,0,0,0
spa_330f5a37bfec2146ef834b8c3a505888,1,1,1,0,1,0
spa_09443002d51a05f05c08bde37cb786bc,0,0,0,0,0,0
spa_6344425e0525930c1bbf6b37ba0b5ebe,1,1,1,0,1,1
spa_b6aa7a3bead18c0b34622e88aabd5928,0,0,0,0,0,0
spa_e25a2f619a1dd1c504d5bc44db426065,0,0,0,0,0,0
spa_ae37ea460c69447a6e03c3dedf946126,0,0,0,0,0,0
spa_dda5476589aee9d32a5ee7432805999c,1,1,1,1,1,0
spa_1a721702be59d86b876810539ad9cf66,0,0,0,0,0,0
spa_bec4c459366c1a56819a55c01dc1a77d,0,0,0,0,0,0
spa_0a38d1ef4f1ea18eaa9a6d6f5bbfe4b9,1,1,1,1,1,0
spa_9f393f246b11888b1635650247df92f6,1,1,0,0,0,0
spa_aa5dc395733801205c0459ea50cb0815,1,1,0,1,1,0
spa_dd8f0901b046403641e96315da1c436a,0,0,0,0,0,0
spa_1d50fee1ffbe8cd0e794625da0d2db09,0,0,0,0,1,0
spa_c86a9cd5494613af0db62932b6064f65,1,1,1,0,0,0
spa_3732617594191e5adf2ee49e04c590db,0,0,0,0,0,0
spa_80f0d200c989e315f7e2e7a31bf47613,0,0,0,0,0,0
spa_d4a525c42722b589e3bad97b6155e796,1,1,1,1,1,0
spa_4210a24daf78c5464d07a98d720b637b,0,0,0,0,0,0
spa_652cb2c89113e9a96ca602e857b87542,1,1,1,0,1,0
spa_b9b0fe65c3663c731529f122e7a256c7,0,0,0,0,0,0
spa_0c7ef6e00b43f1f49d7aaeb3d79beb86,0,0,0,0,0,0
spa_dfa0101c4eff86782bf57cb222cc3111,0,1,0,1,1,0
spa_40f00cef43ab77c6f618a4e123f9bf29,0,1,1,0,1,0
spa_d119731929d88646076dedb16ec079fd,1,1,1,1,1,0
spa_76a89fe0a35546730badf283a540cd95,1,1,1,0,1,1
spa_4cae5625150c5e26faa0b76488d26af8,0,0,1,0,0,0
spa_aeab9b745a21ff41e5b394b2d7757722,1,1,1,0,1,0
spa_ecb75a1b3ca30af1c6e265dea5af2d87,1,1,1,1,1,0
spa_d20eca393aa66603a219ef532f5ffedd,0,0,0,0,0,0
spa_1b4ad0c61d904fddb943a46203fada27,0,0,0,0,1,0
spa_cbf756b4454e0d28a5f576124a3e4e33,0,0,0,0,0,0
spa_63d737f86f878fbf52ae414312910ca2,0,0,0,0,0,0
spa_03829f55989186ba0608d244d9abb493,1,1,1,0,1,1
spa_ddc73bfdc88c197ed7eddfd1dee7a475,1,1,1,1,1,1
spa_c947d1278eb8814141754ea21c7d764c,1,1,1,1,1,1
spa_33f038014727cc450a6cd16fba8384cc,1,1,1,0,1,1
spa_40beaea0a45b67ee51949b29c45b1417,0,1,0,0,1,0
spa_f370886d3633007d28b473aba0cf607d,1,1,1,1,1,0
spa_7ab133bfc6c5875ad5c78752bdea24e5,1,1,1,0,1,0
spa_d5d01e0e9134251053335eaad0a1376a,0,0,0,0,0,0
spa_1c59b5ef0206260a8744e9d4a302e67a,0,0,0,0,0,0
spa_52314dd835c224060dbb7b007b457ad3,1,1,1,0,1,0
spa_144889b6ca9640e9621929398247ad39,0,1,1,0,1,0
spa_21b04d61536ba93b677b1442a0a80558,0,0,0,0,0,0
spa_99d89f2a441f58bfd4cc3c301ec9270b,0,0,0,0,0,0
spa_fc8830a9258dc495a461958b7b71f971,0,0,0,0,1,0
spa_88d8a4e20e0aa71f2247a26b07595159,0,0,0,0,0,0
spa_3a5cc5681cb195183bc2147c15ac3a3a,0,0,0,0,0,0
spa_0e80869bd593e003c199de07527ebe86,1,1,1,0,1,0
spa_795d455743e1b4a859c9821dc3e4bcec,0,0,0,0,1,0
spa_345055eccc0509477198a18d1490d9b9,1,1,1,1,1,0
spa_15ed16d61860fdd30f962e726a599301,1,1,1,0,1,0
spa_3785aec643d47a596cdd2409df8715c5,1,1,1,0,1,0
spa_e42eb6d17470d5470c3eaba863d91844,1,1,1,0,1,0
spa_6b5380044069146b9a4a83bfa0b2184d,0,0,0,0,0,0
spa_ae059b7757472dfce9930718a855dce6,0,0,0,0,0,0
spa_9ef910ec7d22a01a6b407e7b76d2a170,0,0,0,0,0,0
spa_808f29ee11cc2022a395d690122b853a,1,1,1,0,1,0
spa_ca920ba19d1a2e06389095c839af5fa5,1,1,1,0,1,0
spa_407b708ea7d65159ed3277ffd410cc30,0,0,0,0,0,0
spa_a8719d8c33206f42204bbee9827c7d8d,0,0,0,0,0,0
spa_897cc6a7eecdc316557aad38eb0b54f6,0,1,1,1,1,0
spa_34776658f8e536abf5a198615d7d9a71,0,0,0,0,0,0
spa_e6ab26876caefb891b73a17e0bd6432c,1,1,0,0,0,0
spa_3d752f245d559f1bd1ca4529a9a0b822,0,0,0,0,0,0
spa_5841b421761e8d93bca5e1f7b4383fea,1,1,1,1,1,0
spa_930eb5da68c36e83beaaaa87f8b99a33,0,0,0,0,0,0
spa_c8117b0f0607fcdf9de0d525a129875c,1,1,1,1,1,0
spa_c3f3e24eadba9a8a104cbc47ef2a5a4c,1,1,0,0,1,1
spa_1e9c6526758a148e764cc6112645e23f,1,1,1,0,1,1
spa_07d18271a8b21ed39e98c88e9a8baa2f,1,1,0,0,1,0
spa_77eb3e356d609103446693b3256a3fa2,1,1,1,0,1,1
spa_0e915ca505f259e9196593acd2418c37,0,0,0,0,0,0
spa_28fbb195bef66be4cc2b0db203ec5ce2,0,0,0,0,0,0
spa_e616bfbf84421c522fc2272be3b60ce2,1,1,0,0,0,0
spa_25aac8a2a37c1a72ebfde74d0c9cb24d,1,1,1,0,1,0
spa_4b43ccfb23e4c721f903c47216e82ba8,0,0,0,0,1,0
spa_21f1d735d83ae50504c7a5d2a495675a,1,1,0,0,1,0
spa_f1337c5383f0fee3ca7b04db94618ad4,0,0,0,0,0,0
spa_05fcbcf85839bc7e8e797814f20fe23e,0,0,0,0,0,0
spa_fbc968da2ae1836b73607b1b7053a484,1,1,1,0,1,1
spa_dae41a77b69253a43231c7d639262841,0,0,0,0,0,0
spa_f04df66255fd524855804cd62042c880,1,1,0,0,0,0
spa_221ad6596e0f337c3db96fa3b726c773,0,0,0,0,0,0
spa_2a52a6ef76998335172813f7ac7c018f,0,0,0,0,0,0
spa_39b21724869fac0877bf65b6c1eaaccc,0,0,0,0,0,0
spa_b90c5e277efb6050a4ac9826d72f1cf3,0,0,0,0,0,0
spa_b27dc254b93d09d250a3d06dd91e2417,0,0,0,0,0,0
spa_ba04d64a5b65588ad5f4e06cdd480526,0,0,0,0,0,0
spa_b8e541122a7b67f150aabfa515329bd6,1,1,1,0,1,0
spa_e2f71decdaa9c56699bd0a1b5cf89dfb,1,1,1,0,1,0
spa_01d437cb57d3ef79d392b31ee085ae38,1,1,1,0,1,1
spa_47afc9e93a00cca9330108df50cbd109,1,1,1,0,1,0
spa_f54e9929a45a05c3abdc3a8013cc330a,1,1,1,0,1,1
spa_60eaef622238535f19eb34569ad6394c,1,1,0,0,0,0
spa_29384059f3fdead7869c08427588fa33,0,1,1,0,1,0
spa_a2e0b4d1b3a70cc581499fba22ec97a6,1,1,1,0,1,1
spa_dc668e2a4819581866462dbc9157af9c,0,0,0,0,0,0
spa_4f4ef10b1f38c20bc9270b5acb927ae3,0,0,0,0,0,0
spa_f64c2eb147c05582131c908ceb95e1d3,0,1,0,0,1,0
spa_5d9590f4a25293f9b2551110105b8472,0,0,1,0,1,0
spa_e2951d8ba2edd8910b193ab0b069a02c,1,1,1,0,1,0
spa_31f3faccba516d7189d375a412f05dc3,1,1,1,0,1,1
spa_494fa1f55ed9a621a8bbb74106c67305,0,0,0,0,0,0
spa_777b788b51fab4ce9eddb010f7cf280e,0,0,0,0,0,0
spa_2b28d2613866dc09a9bfe6ca7d7f4291,1,1,1,0,1,1
spa_d7f95c9491a1c7e63184ec7d1c4e894c,0,1,0,0,1,0
spa_41a54352e64ff53b7a30ac41f6345c0d,0,0,0,0,0,0
spa_c93075263877668bac7d19bda65f986d,0,0,0,0,0,0
spa_51847a8f142e2f6a4bbda1a745ec3d93,1,1,1,0,1,0
spa_5676782f9ce6be6ced16aaf34490fd0a,0,0,0,0,0,0
spa_1dd87b8b3214f579d18d98ec24b67602,0,1,0,0,1,0
spa_80aa674662e78bdb363683ac3101a768,1,1,1,0,0,0
spa_0b1a63ce776d7dd3eeaba5fae4dc3947,0,0,0,0,1,0
spa_e2f62abeb6955e51baad2c868b957c57,0,1,0,0,1,0
spa_4062711ebcbb297f817aff16fe1982d1,0,0,0,0,0,0
spa_3b32d34b96727ec8708777563d409eec,0,0,0,0,0,0
spa_7d45b67833660a87ca3c84995db46a51,0,0,0,0,0,0
spa_8c2faeb891ecec95fc2c213a3e640cf9,1,1,1,0,1,0
spa_954406208b0be6b09093d27aaef8e429,0,0,0,0,0,0
spa_4997e973fa595ebc18aaf0e9e2a79ec2,1,1,0,0,0,1
spa_06587e0763ddc83195f326cf5a2f2f77,0,0,0,0,0,0
spa_a8dc8383657d712f7d19c940ad92b061,0,0,0,0,0,0
spa_1a64d6f7d0ceca187ee2492eeb3c7d59,1,1,1,0,1,1
spa_84eef2278c60e001a307c8b4fe098c72,0,0,0,0,0,0
spa_f1ad16e7a5ef261e9a3e7b96598c7ae9,1,1,1,1,1,0
spa_44255c2e6c3a8e4fff479e9113fcbb2c,0,1,1,0,1,0
spa_c501046b601cf5e1a3e18ca12868a285,0,0,1,0,1,0
spa_51291e81cefe8cd36ba456be79b68b0c,0,0,0,0,0,0
spa_33fc8270db369c9741339b38e50a9a33,0,0,0,0,0,0
spa_6e7056756ca2e1cce53b64e35cc4af28,0,0,0,0,0,0
spa_68f311acee9bc7db22fe2d313dc04733,0,0,1,0,1,0
spa_e38bb94c1c41b48ec422e8b057f017dc,0,0,0,0,0,0
spa_a9314fa8653260dc889c5668f7e412ce,0,0,0,0,0,0
spa_2288a285900b169836acc19f6428d22b,0,0,0,0,1,0
spa_2c194b3741aafec5c0e83589126daa04,0,0,0,0,1,0
spa_e2715cffd69c8c108110b5011314021a,0,0,0,0,0,0
spa_877e6d03ec0d87bb1d4070c2b676c651,0,0,0,0,0,0
spa_61f5eb65d4b0eb58f81a323e765ffe1e,1,1,1,1,1,0
spa_7b1f53cd39690298a5856300a5387499,1,1,1,0,1,1
spa_62f821d61b9bd768afb976f71583c6e9,0,0,0,0,0,0
spa_920250d63fd9cfc17a34994ff7ede1c8,1,1,0,0,0,1
spa_79c3860b915336c4190f557346cd71eb,0,0,0,0,0,0
spa_c2e3b796eaeb2ff5cf32c3599c8d3960,0,0,0,0,1,0
spa_e1d26498048133a5009a053a94aea0a1,0,0,0,0,0,0
spa_6371281540ba7f5ae71da794b278a944,1,1,1,1,1,0
spa_2342a6a2046b3bf6c6ad3f256485d5f1,0,0,0,0,0,0
spa_650c77c05733e7963c0b415417cf8959,0,0,0,0,0,0
spa_3c4f71ba33f2fa2af8ccae7a56236722,1,1,1,1,1,0
spa_d595938c00f70f0ec2c41b0023bad03b,1,1,0,1,1,0
spa_770b3b48074c5c579f6b4c6eaca57b2a,0,0,0,0,0,0
spa_205638474839505e01386ad057f33dc9,1,1,1,0,1,0
spa_63365f1688f39966a60b69578893ce39,0,0,0,0,0,0
spa_6cc3e9427fb2982d9429f5df318e1234,0,0,0,1,0,0
spa_ea43d77efea73acb15ce5aad33103701,0,0,0,0,0,0
spa_05c3bbe212ea26552d9d422b2a15922b,1,1,1,1,1,0
spa_3906e31deaaee17e4c0e76cccb32966f,1,1,1,0,1,0
spa_3586f785f2762e0f4756bc7257bea52a,1,1,1,1,1,0
spa_ca339f609bfedad811ef290974523064,1,1,1,1,1,0
spa_79cb34a81083c3d29d37aabae62a3bc5,0,0,0,0,0,0
spa_c70eb8494efda0432a559cffca6583bd,1,0,0,1,1,0
spa_9c647d9d9b70d05d6f3c912dd117ec6c,1,1,1,0,1,0
spa_ee504271408a7aae87b254a5811038a9,1,1,1,0,1,0
spa_7d4c8f574758304415c86bca44758a41,1,1,1,1,1,0
ar_67be47e5216d7bee41e17484e619f4e6,1,1,1,0,1,0
ar_272322e5b265e177613d685e5619e402,1,1,1,0,1,1
ar_d1ec38dd0ec5d7a4fe28ef8317fc96c1,0,0,0,0,0,0
ar_fad75310b17c124d98ebc514189ec033,1,1,1,0,0,0
ar_95caf70cec5bf00c94c35cf7af2a0ab5,1,1,1,1,1,0
ar_ac108c1ecf5071892c61abd253847b15,1,1,0,0,0,0
ar_adaaa6d482119e65ce337ee224674e70,0,1,1,0,0,0
ar_2794b08cac6cc9394a68c51cfc436243,1,1,1,0,1,1
ar_19dd96c989323c9e950a2c3ab9c285be,0,0,0,0,0,0
ar_f2bd638d9d9fc7a617130ff2b198b562,1,1,1,0,1,0
ar_f992bf7776b854d4f7f8475aebf80f49,1,1,1,1,1,0
ar_0b5ac70e86926f5e84cad94028864a37,1,1,0,0,0,1
ar_8ababf95f952e2425c2df1033192dac0,0,0,0,0,0,0
ar_06cd19aac6cc52e394a22d7d1dd58efc,0,0,0,0,0,0
ar_12eeeb8d2fa2d04be2ed9830d5f36ce9,1,1,0,0,0,0
ar_5bc23bacf9a161cd0f99719c70681a81,1,1,1,0,1,1
ar_9ee7c931ab1ecd655533042d8301f6bb,0,0,0,0,0,0
ar_bb7c40559f3a7ca1ecdd7dd7c136198f,0,0,0,0,0,0
ar_5d394c0cce56675e2fc36a0590b47ed7,0,0,0,0,0,0
ar_0704305e8313650e672563a2d073384f,1,0,0,0,0,0
ar_e56b759d14fd70506e01cf971315453d,0,0,0,0,0,0
ar_d286a2aac63432acef285a4799041f55,0,0,0,0,0,0
ar_5a9f322a530e85cd640f21af5c6bae42,1,1,0,0,0,0
ar_133c4737c4e04a8991fc7c219106b4e4,1,1,1,0,0,0
ar_f03fd416ab63cbb8f9f92a020fdd46be,1,0,0,0,0,0
ar_b8fbf2253ba4b8a83829b964012d1a9b,1,0,0,0,0,0
ar_4188caa3678846451bb812d7a7902459,0,0,0,0,0,0
ar_c0224b694b38805f15fae4137121302e,0,0,0,0,0,0
ar_3991e487126513829ec24ab5c1f1e325,1,1,1,0,1,0
ar_9861662780205d38780ea04feed598dd,0,0,0,0,0,0
ar_2b14abe9527a935117ae771612afca21,1,1,1,0,1,0
ar_925eb03f72f22102e242a475f1f54530,1,1,1,0,0,0
ar_c531bdc9a777137d8aa23a3bf529f87e,1,1,1,0,1,0
ar_51a6eb82ab53edd30fdd18b6940dc275,0,0,0,0,0,0
ar_6aa01210c44d11393ea419d6781b89a9,0,0,0,0,0,0
ar_0c8c4d1e368fa6081c8840c3924b3711,0,0,0,0,0,0
ar_f15fdbdb119f76f430f7cf7c773c3590,1,1,0,0,0,0
ar_9b66d2e70ea93d6d37d0b656c1b1e880,1,1,1,0,1,1
ar_773241d9837d36ed8962eacefa5143ef,1,1,1,0,1,1
ar_b8f51143c06fbaed500ee2e7e7f5ac14,1,1,1,0,0,0
ar_99dc675d6e1f9acdc7714fa066b4242b,1,1,1,1,1,1
ar_3bcca38054a14240945f770aebe23355,0,0,0,0,0,0
ar_730fba0ced42edd151f49218959abcdc,1,1,1,0,1,0
ar_1a960ef19b8ebbeba5d8a48f2da3baf7,0,0,0,0,0,0
ar_60a8455969e0277c96a31b2ab8f57bb6,0,0,0,0,0,0
ar_8e46849f4110205740552b9b3d8afcc8,0,0,0,0,0,0
ar_6535199985cd1f867d14c01e1780ed45,0,0,0,0,0,0
ar_90448d504fbf1cdf02fe55dd474078fe,0,0,0,0,0,0
ar_650c8d322f6c2ea8be78385ac29ad57d,0,0,0,0,0,0
ar_8e08d6c50f1bc16d8aa16c4fcc461702,0,0,0,0,0,0
ar_aafb2df7e4108d4d09ffefa74811ea2e,0,0,0,0,0,0
ar_3a9070f93fa0aed9b4c7d7974d6134fe,0,0,0,0,0,0
ar_a25e888067bd682f8712cc254a94450d,1,1,1,0,1,0
ar_69b3fac31a9776e98df1f2ed3a37f743,0,0,0,0,0,0
ar_70d64fdc7707ba7b23590bc3987a22bc,0,0,0,0,0,0
ar_3561147626932826873155b2cb70e11e,1,1,1,0,1,0
ar_757e07f4b35078992f4e9656cb4ea948,0,0,0,0,0,0
ar_954a7a38de550d4b5252483bb9b748ea,0,1,0,0,0,0
ar_a9847cdfa1abb179e11c85955a5f49bf,0,0,0,0,0,0
ar_46b4284e3ace41c2806a041162aa1a39,0,0,0,0,0,0
ar_8e5e356a5c81496169940989d545c6ac,0,0,0,0,0,0
ar_c30e1b90992cee20688833ca1e382de0,0,0,0,0,0,0
ar_0340513e0b537d1db0934fc235651218,0,0,0,0,0,0
ar_726332fa6d54c653d55f5c7b42deb977,0,0,0,0,0,0
ar_88c88e64e71c1e1b9222a49458d448ee,0,0,0,0,0,0
ar_031d376aa7923c4268ac73dc2b9334a9,0,0,0,0,0,0
ar_1cbab69c6f39bfd5484bd5832ece0ac0,0,0,0,0,0,0
ar_ce785dd8c5b8140363e2e057dae241ce,0,0,0,0,0,0
ar_60d2f094428bbcbde294086a7f75d5d9,0,0,0,0,0,0
ar_28552d3893a580bf74bb1e4711c30e29,0,0,0,0,0,0
ar_7e021fb631c018eb7a1dc96bb3b7d3f5,0,0,0,0,0,0
ar_1429c399c30de8d7188cdd239c91aaa6,0,0,0,0,0,0
ar_1a1c75b0f7b1b571c157dd83243f81c6,0,0,0,0,0,0
ar_143932e3ea47fd0d8d45ff79c8e9a529,0,0,0,0,0,0
ar_c0a60d5d5cb40fbd604c9c3e0b3098bf,0,0,0,0,0,0
ar_13636b23e853783423f760db617520a9,0,0,0,0,0,0
ar_6c8048c166f7ee2e8a94ca3650335345,1,1,0,0,0,0
ar_8530294a4c91bae6bcbc9d7888b8d183,0,0,0,0,0,0
ar_c4c60186c0b797433e86f3f08cd77e7b,0,0,0,0,0,0
ar_2de8255707465f99180bf1c58204816b,0,0,0,0,0,0
ar_52f0037e1b1196f8462aba17ce30b0bd,0,0,0,0,0,0
ar_05a11d7f973c5b33f51a53a92a08c9f7,0,0,0,0,0,0
ar_cfdb8f2486dbb02404f69c104509e956,0,0,0,0,0,0
ar_119473be95ebd1ff087a086a8cdf67f0,0,0,0,0,0,0
ar_06aa7b6d64858e1ea54c8d5c093a1385,0,0,0,0,0,0
ar_58683c41f6320b304993fbc9ce8e559c,0,0,0,0,0,0
ar_ae60c3911c8290e556ffdfa0e73ea408,0,0,0,0,0,0
ar_c6624ecf4359e15fe5298b8878a53630,0,0,0,0,0,0
ar_2228fe1e68bf10ac10d74c8f24ed672f,0,0,0,0,0,0
ar_0d027dd29b767b3cb54141a67da833a8,0,0,0,0,0,0
ar_f5345aeade0452ce211afa3b91a2a98a,0,0,0,0,0,0
ar_fb4217f3ac08ddbbe93b87607d9e7eea,0,0,0,0,0,0
ar_6eaa4e896b8b2056308fba14b04d1323,0,0,0,0,0,0
ar_0c49ebfdc0e82c39fb952a55a2eec2a6,0,0,0,0,0,0
ar_d380557a1e7c162fbf0bf8bb8cb7c374,0,0,0,0,0,0
ar_445262028526e3ac19d4a7617b89312f,0,0,0,0,0,0
ar_5078361bd8c9205ae1abd0f554b413a8,0,0,0,0,0,0
ar_d8fc83089c56da4eaa4ea5dc1c8385cd,1,1,1,1,1,1
ar_e203ea25f0d5899540684c600c27e313,0,0,0,0,0,0
ar_8af35c96dd0ab3abdd243488210d41fb,1,1,1,1,1,1
ar_80e0c1d020bb3e68c57092a5da055789,1,1,1,0,1,0
ar_e9afce419a9fd57fd8fde9130084d86f,1,1,1,0,0,0
ar_4208815a310227400e1d9b718aa3201b,1,1,1,1,1,1
ar_f78e2ee76eaf751e219c0a6c24f17477,1,1,1,1,1,1
ar_9444af3fa26415a2e1a1215b618b77fc,1,1,1,0,1,0
ar_8ca54749e8a4cb192d605e8d0fed5077,1,1,1,0,1,0
ar_985e458b817a04e5b4b856bdd66baad1,1,1,1,1,1,1
ar_2ae6d2826d3f741c81074893b7368e8f,0,0,0,0,0,0
ar_752cbd7c5fa526b02871ee2174b75260,1,1,1,0,0,0
ar_d4e513d177a18cd0361907f0abcee264,0,1,0,0,0,0
ar_3fd0b4dcbfd27d815c7c1600ed523acc,1,0,0,0,0,0
ar_a5714ea7faf17fb64bce39550b8f66a0,1,1,1,0,1,0
ar_dbb306bb98f778a984aa4e89a2a0c69c,0,0,0,0,0,0
ar_8fe3d20ecd2bffca8608ad581e1d450d,1,1,1,0,0,0
ar_4d3ed82d7641e459b2143327303141ca,1,1,1,1,1,1
ar_2fe0dd13d24583051d76f1efe2a6b221,1,1,1,1,1,0
ar_328246a090fa79fae208734fb506356a,0,0,0,0,0,0
ar_fa9bfd0d2544a6a0da7e9fdf67dcb61a,1,1,1,0,0,0
ar_eca8c2a903579f5bc09bbae9a914192b,1,1,1,0,1,0
ar_ae665012d4d85ec2b7f67036e8e7ef91,0,0,0,0,0,0
ar_7b2074b411c5991657d956f2e868d0d6,0,0,0,0,0,0
ar_a2d10460956f12da3bfad87d75c17b85,0,0,0,0,0,0
ar_68d1cbebcef21c8b7e157d3deb68c96a,0,0,0,0,0,0
ar_2320e4a90c9a3e16ad43013187628bf0,0,0,0,0,0,0
ar_03c025ab5aac30fb1b817698060f88e9,0,0,0,0,0,0
ar_28a4a6fa8a0d9478a678ead7d87141aa,0,0,0,0,0,0
ar_26bf97302d3bbf29dc55628a7cdce3b2,0,0,0,0,0,0
ar_6c9c12fd45b04bafdda96d36b4abf654,0,0,0,0,0,0
ar_717eb9eb752dde1f2ba0b1f75431ecb9,0,0,0,0,0,0
ar_22ad0f62586145ee322627cc04737aed,1,1,1,0,1,1
ar_9965f78f084c4b52eba5ad3eaf00c383,1,1,1,0,0,0
ar_230ff60adcb94e26bb447d4d2d2d4d87,1,1,1,0,1,0
ar_de5e97574cb90756816e4acad906cbcb,1,1,1,0,1,1
ar_b930858672f01ab4e30913d1a42b2fdd,1,1,1,0,0,0
ar_9e735136b6578cfa2e617c9686b060c6,1,1,1,0,1,0
ar_2f940f44c8882b16eedd16ceb9a22f3a,0,0,1,0,0,0
ar_63bba78965d711655b703211386a1d66,1,1,1,0,1,0
ar_796f4f5016b6b057af6e4d9a931be707,1,1,1,0,1,0
ar_35b4ec4ee73ff5865897b530f86a0df2,1,1,1,0,1,0
ar_54d246af610d9df0efc222e9f5f568ee,1,1,1,0,0,0
ar_c03c23fb168af6d9974173940301a49e,1,1,0,0,0,1
ar_04c10b142c039bea31abc347a05e901e,1,1,1,0,1,0
ar_fc3a3dada9c28b31f4501b1aff617009,1,1,1,0,1,1
ar_db683247365c64679c4cc519af44f581,0,0,0,0,0,0
ar_aecc5b9082fe643e2b8d6f0ac0dcdfce,0,0,0,0,0,0
ar_f17c38194db34a072fb9ffa06a3c1a36,0,1,1,0,0,0
ar_00ba726a4ccda40d3aa9970b605643d0,1,1,1,1,1,0
ar_466691d07d329912a743f07951be4b63,1,1,1,0,0,0
ar_32df687e0801943c203047322024a082,1,1,1,0,1,1
ar_5956bff1d7e2d783e032bbb840bc0b0c,0,0,0,0,0,0
ar_8d9f1d3fdd08dccf0fe640b32ee3c75d,0,0,0,0,0,0
ar_2f9508e688439711aadf9ffe4c7dc43c,0,0,0,0,0,0
ar_ea84b8ff4b701131207666ad68d9b4e6,0,0,0,0,0,0
ar_c3baa08c705605f300bacbfd7b32cdb5,0,0,0,0,0,0
ar_968554a6b5723334ac89acd80d35f5f3,0,0,0,0,0,0
ar_63849e6cf2a4b209a3a7c88cf689c09f,0,0,0,0,0,0
ar_7c14ba01ef8cdc91ee907afe06c6d57b,1,0,0,0,0,0
ar_d90e03b791ee0a44e1ff732b3502cff2,1,1,0,0,0,0
ar_a614e47120a6cc5ab2c22d062f799d1d,1,1,1,0,1,0
ar_d0bec4c3e835773e91bade24082405dc,0,0,0,0,0,0
ar_54d3d10c58ab60fe3bc8135cec8a7745,0,0,0,0,0,0
ar_3a6d9f8b7468345e5fe80353682ea2b6,1,1,1,1,1,0
ar_a74cb5b1ac1b5e1e3297ec29040104f7,0,0,0,0,0,0
ar_902c5ae816b9323758ed8e33424c5427,1,1,1,0,0,0
ar_7d86f321f6d638c75df7ed4645bdabbc,0,0,0,0,0,0
ar_452c08a3d812c6786509a33f13bdca7a,1,1,1,0,1,0
ar_fee827860874f8bf04cfdaca1a0bff7a,0,0,0,0,0,0
ar_d072529aace0ca637b85d8bb968577c0,0,0,0,0,0,0
ar_e564370d0a844c67763dafdd2ede0411,0,0,0,0,0,0
deu_29f6f025944805d5fb3f122dcd155c47,1,1,1,1,1,1
deu_c511c4bc8931eb8db95fc4d2dab87e41,1,1,1,0,1,0
deu_ad2c04d25ee952504f1c4da842fc3d4f,1,1,1,0,1,0
deu_cd8cb2d1fc16ba99953379ebb9d76ad7,0,0,0,0,0,0
deu_51fc7b50477a2561c99a82e4886e348f,0,0,0,0,0,0
deu_c2bbc7d0377cfb50ea2b507b76fa9f37,0,0,0,0,0,0
deu_19bfff5b32c706d9b4a1fa501045655c,1,1,1,1,1,1
deu_14aa0105d4f36da05d415dea608aa429,0,0,1,0,0,0
deu_9f3b20842ffa3fb194de073030837761,0,0,0,0,0,0
deu_f85002f0c71a0378af2e8790f954cd47,0,0,0,0,0,0
deu_6dd12c797083878cea5fa3a50791e592,0,0,0,0,0,0
deu_93b3bc9fec8f5646d8f81f6eddd4b81b,0,0,0,0,0,0
deu_13dd663017a9cf9867b05fbf72f57adb,0,0,0,0,0,0
deu_85809d90497e65fcd819b143d1df8160,1,1,1,0,1,0
deu_d5660050fcd13d74b2c8dff400bf70eb,0,0,0,0,0,0
deu_9aed704ae119661383ae184acc2dc813,0,0,0,0,1,0
deu_5bba02ca8ff05bdfe0c9878eef8b320b,1,1,1,1,1,1
deu_62c6616b133992f30960422aaf2c8b83,0,0,0,0,0,0
deu_cb41a512f7942e0ba22d34b7d9857bc2,1,1,1,0,1,1
deu_6754dcf11a19e8a89f0aff3b88c33243,0,0,1,1,1,0
deu_5e25b570861d2b1fdf49739825f5ab49,0,0,0,0,0,0
deu_c11a90ff2783b27b686b87b2f7d45648,1,1,1,1,1,1
deu_29239e19e5d7d6819ec3b9239f6b1501,1,1,1,1,1,0
deu_7fa6d698c3c7dc47c487930ab525a7f8,0,0,0,0,0,0
deu_9d848606020b0911138813e79337cefe,0,0,0,0,0,0
deu_70b388e31716cda3c28c45a344524253,0,0,0,0,0,0
deu_c398bb7fa7772151bc0e2ff301e7b470,0,0,0,0,0,0
deu_c0cc8c9017323457977e2249aac359c6,0,0,1,0,0,0
deu_af9de14c4ade9f8d30fb6f772355ee20,0,0,0,0,0,0
deu_31fb4afc919dde0c45da1c9db8f7cc65,0,0,0,0,0,0
deu_3973fcbd372646f56d729d27cce952ec,1,1,1,1,1,1
deu_8343db97da44560fa9e4e487eb13b60d,0,0,0,0,0,0
deu_8bbf7590230ed9e8ac26a797bc255ca8,1,1,1,1,1,1
deu_487d5cbd72d32e6ea2e2456784006675,0,0,0,0,0,0
deu_dc8e141f1e8d0d4667ac3d7aa2a7c713,0,0,0,0,0,0
deu_8369d0186221b5bf42ac813a06d863d1,0,0,1,0,0,0
deu_46f23ba486bfb3de77ad285b9d661550,0,0,0,0,0,0
deu_0533b0c8cf1208c94677681102951223,0,0,0,0,0,0
deu_3da6a92cff6d5415d6cc4bf1a91fbeb6,1,1,1,0,1,1
deu_ad1fae17cb54a3104efc29a17f2491bc,0,0,0,0,0,0
deu_21fa8d480ef6e15c923e3dd6ed74f9fd,0,0,0,0,0,0
deu_36499e31269fe4d31f62736e73db04f2,0,0,0,0,0,0
deu_2be80c3fe3f928584d57741cfca0b287,0,0,0,0,0,0
deu_3136024dbe9ccb2b826e67ee703ff716,0,0,0,0,0,0
deu_e850e41d4914077b08991f93a5ec0f81,1,1,1,1,1,0
deu_6a751306400dd68bab0ed8785f4d379d,1,1,1,1,1,1
deu_95b7f4144c2f2c21e4ff5f4b865188dd,0,0,0,0,0,0
deu_dc6060d621afa77204186aa029be238f,1,1,1,1,1,1
deu_2e82b770135a4371f1bca92c65e13a87,1,1,1,1,1,1
deu_879125e15b9c091d7f244400faa05a06,0,0,0,0,0,0
deu_6565c6c96e4da78cf1091bcef61ee531,0,0,0,0,0,0
deu_1144163c6aabd4a1d173830b3218ab09,1,1,1,0,1,1
deu_26041c41e5980119f0ece7dd29e69925,0,0,0,0,0,0
deu_f22292b48890b1cacecbb21b6438cf03,0,0,0,0,0,0
deu_583fbb4d91fed6b3d1066b84e93e4fc7,0,1,1,0,1,0
deu_e6ce53a5648d3e15917d2d1e01b45c0a,1,1,1,0,1,0
deu_6abeed8dcf0edf9e602790fe5c3d2007,0,0,0,1,1,0
deu_542acf5b0ef30740b574cbff3e275d64,0,0,0,0,0,0
deu_2be971ba04038cde4dab9c0a69a0db5d,1,1,1,1,1,0
deu_4a11de13f85f7241a6e395bf428a7e6e,0,0,0,0,0,0
deu_55f9dc6e6d5b7ad3c830a29a9271ae77,0,0,0,0,0,0
deu_ba91797352999ea173a1445d2f39c96c,0,0,0,0,0,0
deu_8a94f04c1e5fea9e1ca82ff37ff1e28a,0,0,0,0,0,0
deu_318312a05e79ef1e474f7b5a6f9e8372,1,1,1,0,1,0
deu_855943300c8075828eeeb0a378a25286,0,0,0,0,1,0
deu_3b2aedcb3bff22071233c100354b84e5,0,0,0,0,0,0
deu_cae0710b851695dc23658508c22d0f6c,0,0,0,0,0,0
deu_e9f50a3c255143cba775e43be158b0b5,0,0,0,0,0,0
deu_53c71c9fadf7015c39567ec7e1e1ff2b,1,1,1,0,1,0
deu_9c2199410a85e3604c6fef0b7e009b22,1,1,1,0,1,0
deu_cc2539d02d7a5d7bea84582966566df1,0,0,0,0,0,0
deu_171eb5aa924ce5454c80574b7a7ceb75,0,0,0,0,0,0
deu_5aec5f3e2fec5356ecfbd0f45cb546e8,1,1,1,0,1,0
deu_95b842f68e1dd004c2316a8d593c8a35,0,0,1,1,1,0
deu_92cea08833a375cf4de1478891a4d959,0,0,1,0,0,0
deu_0249b699b55282e2ea8501ed5ff7ac69,0,0,0,0,0,0
deu_501fc862055a6952e04fc3f9ed4357a1,1,0,1,0,1,0
deu_ae090511c66f03552d9551bcd4dd2834,1,0,1,0,1,0
deu_4681c3fbb8fa7c94955cb1d8d047e39b,1,0,1,0,1,1
deu_3ea913507e478e1e580a199d5778a043,1,1,1,1,1,0
deu_3b2bedd2ec1ed88143e739713a40f13c,0,0,0,0,0,0
deu_9af2eed25b5be0c0aa48a8a3c930fcca,1,1,1,1,1,1
deu_97d228a99aa7426dd7ade393c2153b61,1,1,1,0,0,0
deu_6b9e3ef48403029c1a9378b6dd128f65,1,1,1,0,1,0
deu_5e039056cc13b5ee4871320479d6b207,0,0,1,0,1,0
deu_4709392eaec10d44a0a2416f025e226d,0,0,0,0,0,0
deu_4107a5feedba0d2cdda5d417ae0008da,0,0,0,0,0,0
deu_1eb986ac712b00c3f3b20a86829d500e,1,1,0,1,1,0
deu_72e77118ec5280acfe90c9c812929ac2,1,1,1,1,1,1
deu_e2e95c01867313b602eb64e20ba5d71e,1,1,1,1,1,1
deu_68b459d68cfc3c3dc1fd0cdd948045e0,0,0,0,0,0,0
deu_8b0b0937bc1154e52783330d5b31f5d1,0,0,0,0,0,0
deu_90b1b83bf2a9827ae8e3abe1a20d0e18,0,0,1,0,1,0
deu_e3ac82f33b744a39cf359541c86d6fcf,1,1,1,1,1,1
deu_6202a195fc4d2625d3cbdadbc6d730e5,1,1,1,0,1,0
deu_5172bbb1a340e162d1f6aafcf263acf9,0,0,0,0,0,0
deu_9e4140c72a0db5fe401d126d58c09729,0,0,1,0,1,0
deu_5054c57cdae9da5182e6fe5d7803570d,0,0,0,0,0,0
deu_5fb88e54015a6dcedfdea3b9a617d48b,0,1,0,1,1,0
deu_5223bcad6cdba5ca42a16b738ea0499d,1,1,1,1,1,1
deu_320c47ab0455339cf3e21613c9a629e4,0,0,0,0,0,0
deu_8f5ef887269ab169e96c13ccbb085cfc,0,0,0,0,0,0
deu_01c06311d3774f38f95255c9f4a1f5c7,0,0,0,0,0,0
deu_d15514004b434dfc25ae4bc48c853b10,1,1,1,1,1,0
deu_5635b1509afaf2a0727856dc5f5fb0de,1,1,1,1,1,0
deu_26d211958a2234c95456e644c05cfa8a,1,1,1,1,1,0
deu_3b4be1aeea232968749769bb9badc481,0,0,1,0,1,0
deu_83542008f633d7ba39c19ab4252b015f,0,0,0,0,0,0
deu_5c0d99687b096a01c75b1b6e9096bbf9,1,1,1,1,1,1
deu_d59dfbb072f214a3507e11b2b898b052,0,0,0,0,0,0
deu_a3dfae798c531eb807bba609db393fca,0,0,0,0,1,0
deu_7664ec0e11c2f0aeb9b07d0f4af61ac7,0,0,0,0,1,0
deu_bcf041b527c5c37ecfb6be80998087f3,1,1,1,0,1,1
deu_e3b975e9e1fa934f9c55932b19bf506f,0,0,0,0,0,0
deu_15a1e1df56afa3f2265e9e2dc9521af8,0,0,0,0,0,0
deu_d0ae7ca9243a83b1d751358fede5ca14,0,0,0,0,0,0
deu_5a41443bbb3e7ee80b4456a52d198905,1,1,1,1,1,1
deu_c5a4e46b1ff6009941f1542a5a52d225,1,1,1,0,1,1
deu_7495abbea2fc8c4faded22e2e88ec969,0,0,0,0,0,0
deu_b6546980a4b07d79e79cd889f7918c8b,0,0,0,0,0,0
deu_2e4727ba5186df64e35871918538e1f4,0,0,0,0,0,0
deu_5e4711f6302653763ff72b9dac6e8890,0,0,0,0,0,0
deu_8be6f187dd16152ceeec584db6ce1b5c,0,0,0,0,0,0
deu_e683061f37e9d9c79c8b5c4410669da6,0,0,0,0,0,0
deu_bade03e57e38ba820162c8ff51dae392,0,0,0,0,0,0
deu_6afac1664314a99ac577a15ac26146ba,0,0,0,0,0,0
deu_0d243432bea9bca9292ce1fd5362bbf5,0,0,0,0,0,0
deu_cd84f5abc314a813791453c1ac022443,0,0,0,0,0,0
deu_add86617c1e01ac5505a87059fc67d9c,0,0,0,0,0,0
deu_40617bce7beb7c09d0ec87da7fa41761,0,0,0,0,0,0
deu_66d2179653cce5b0c7888fdc8b82cebc,0,0,0,0,0,0
deu_76125412a6e2c46572ce9525a5554757,1,1,1,0,1,1
deu_1ff683bf0a7d08234b4a771375d61959,0,0,0,0,0,0
deu_6bfedcff6970c6f2839047a15c1b9ff2,0,0,0,0,0,0
deu_44aa26f66021d09beba901f4e18333d9,0,0,0,0,0,0
deu_4c18faf933bd5cd1e567661c4e4b36a0,1,1,1,0,1,0
deu_13834a76dc176c9cf76d372905ace432,0,0,0,0,0,0
deu_1733a1b44ecc0a07556b29c19b7aa3d2,0,0,0,0,0,0
deu_ee06f0b339847d7a755b22223af0379f,0,0,0,0,0,0
deu_afb0465cd587b29c0526620821a222a0,0,0,0,0,0,0
deu_3df87b72a00e68bc9cb5b2b64634d2d3,0,1,1,1,1,0
deu_57556ca094c5b62f6f0f613cdfd28e27,1,1,1,1,1,1
deu_fd20f7b8f7de9edb82a7a83276756401,0,0,0,0,0,0
deu_af3527a9994730b2421df1b7694bda97,0,0,0,0,1,0
deu_fb6fbb6f0e0cb6d0d1dfe8f701fd7760,1,1,1,0,1,0
deu_6ca9180961a3771cf04112f6b60a358f,0,0,0,0,0,0
deu_14c1e483e0acf920929cfd072d100b98,1,1,1,1,1,0
deu_9720fbb86fed982157ca72763dacbf31,1,1,1,1,1,0
deu_72606f262ae15faf41304ef8153eace9,0,0,1,0,1,0
deu_ede2647e347fd4769734be7ef4ee70d9,1,1,0,0,1,1
deu_eaaa038970d17912fabdc9193ad0b87b,0,0,0,0,0,0
deu_8881fd12b194881327d1de56e01daade,1,1,1,1,1,1
deu_8093ab6200eeccc6a3d1d00a54f49746,0,0,0,0,0,0
deu_adbbdd590ab2930addf9e6a177f16d61,0,0,0,0,1,0
deu_4bf5475d5d6f2b5f5a6565fc75ab9eb6,0,0,0,0,0,0
deu_6666ba680ebe39e558e48be39f8a4264,0,0,0,0,0,0
deu_c5b9da2df50c920623f296c01133395c,0,0,1,0,1,0
deu_5e67528da8d8f651391b881069d0a2ab,1,1,0,0,1,0
deu_ed2f2adf83374e5560162f90f1ef8b71,1,1,1,0,1,1
zh_3653010632292449856c11f234040704,1,1,0,1,1,1
zh_f186c48ab10bbad0110cc57f81929208,0,0,0,0,0,0
zh_cc96cfb2e302edf570548253578ced89,0,0,1,0,0,0
zh_6d06ab3b817c68c5bab057add5b06447,0,0,1,0,0,0
zh_ffe6eda7b6330733276218813605d369,0,0,1,0,0,0
zh_99ef246484d017171082b5bcef3a1e31,0,0,0,1,1,0
zh_789b584eb6e8e29412c10655badb41d3,1,0,1,0,0,0
zh_10b1d7392046ff1fd1779413d068b76e,0,0,1,0,0,0
zh_76ee775279b1b5d5d434c51b0b7a3583,0,0,1,0,0,0
zh_2fcaa44955a478c21f1bb6766d4bdefd,0,0,1,0,0,0
zh_31a44e70d75db19c67860cb414d4f98a,1,1,0,1,1,1
zh_06be681214fa6cd89744a255d0137c78,0,0,1,0,0,0
zh_d9602cd3ff6aa300a5a33ebeea389512,0,0,0,0,0,0
zh_00d3789aea6eab27d4322df32de9ad18,1,1,0,0,1,1
zh_eb19eb9fd95b93e8b2e528e40f31a043,0,0,1,0,0,0
zh_f99dc80a97572fbf9d4e5bbf62b77edb,1,0,1,0,0,0
zh_5c63851a1526f923be33f38b2f3b77c3,1,1,1,1,1,0
zh_39e0517831ede94ead88020a937353c6,1,1,0,0,0,0
zh_01c7e9467410306b863fdd0e9ec2cb12,1,0,1,0,0,0
zh_448839ed5e71a9c6779c571eee55ee38,0,0,0,0,0,0
zh_dedfd74352bca9be0f92e92d79ff3dfc,0,0,1,0,0,0
zh_115b093c1cce3368557dc91cfd02cd53,1,1,0,0,0,1
zh_157690d890a6b864f57c9753c4f0e6f6,0,0,1,0,1,0
zh_04572e8900553b3900333fa53cf7c794,0,0,0,0,0,0
zh_4285b2e3f3e7eeb2ec6712c235578e40,1,1,1,0,0,0
zh_2c099272d00570f82409fa5f97d8ab40,0,0,1,0,0,0
zh_47d5d6c63524f8cbb9765ecca4c83a4e,1,1,0,0,0,1
zh_33fddc5562f37280bcb9e7abdd0bceb9,0,0,1,0,0,0
zh_a9cfe13743aca618d4a9d5f665ecf5f5,1,0,0,0,0,0
zh_996dfea79b7e3301477ea0cd6aae2ab5,1,1,1,0,0,0
zh_ea923a06390e3a3ae4aeb4ccf4876faa,1,0,1,0,0,0
zh_10cfb1c7857691450a7fae84bd5d875f,1,1,0,0,0,0
zh_952e06ceb09a4007396f2a0718698beb,0,0,1,0,0,0
zh_4350ddfaf311a4ad7d92ee6cf402fc6f,0,0,1,0,0,0
zh_d3c0cb4f3c4ee5410aeb93d270f32a8c,1,0,0,0,0,0
zh_d3b4c1430c480b96b7ed9ad473dda1f9,1,1,0,0,0,1
zh_2d3e44479899d28c72aa4b1eeabd15d3,0,0,1,0,0,0
zh_9fb230063ce94334087a0d5066aabced,1,1,0,0,1,0
zh_b67639c073d84eee00b7162d547f289e,0,0,1,0,0,0
zh_19c463f10c4b9599a492dd34ebe6c190,0,0,1,0,0,0
zh_e4d07dfea9c6dadbc910b13c73b43430,0,0,1,0,0,0
zh_3fbd4431f1b7c0d14a1c4bbb6c329060,0,0,1,0,0,0
zh_138a8af4f2688bb951283bc43c0794a6,1,0,1,0,0,0
zh_97f05838c0ca96a4b7f315d4c2aabf3f,1,1,1,0,0,1
zh_79ba4b6ed9816a7800ed4a163a229fc5,1,0,1,0,0,0
zh_c4f30ebf854589311afaa8bce55038e8,1,1,1,1,1,1
zh_a0bbced5c8e55f0fc3266b63b3ed97a6,0,0,1,0,0,0
zh_625f9812a0efe3e67b7c6601337a5096,1,1,0,0,0,0
zh_0587062ff8303b26f44039d17b4009e5,0,0,0,0,0,0
zh_a7a1cec776c096aa6db839b9c5d20474,0,0,1,0,0,0
zh_ec6973be9f4175df394b6a3ba78d6fa4,1,0,1,0,0,0
zh_e072d1f66dc78cdcec8a242671818091,1,1,1,1,1,0
zh_431fc8d4e6a5820750d7dd223fa74f65,1,1,0,0,0,0
zh_40f20fae173d30ee3b6526461e753c53,0,0,1,0,0,0
zh_659e7a59a1dcc9191f1dd901afa75489,0,0,1,0,0,0
zh_5d1fcab48129cf4c6f74a153da1e6efa,1,0,0,0,0,0
zh_f05fcbb8f12dd21b43f869985261f928,0,0,1,0,0,0
zh_8c0eac324b690eba8b8a96efcc67cbfe,0,0,0,0,0,0
zh_cf52bf0db07fecacfa9104c32cb4c211,0,0,1,0,0,0
zh_f4d7775aae4ed79e9449aa6231dece76,0,0,1,0,0,0
zh_1fcd5a499b0b0caacfe5b48ddf1b0611,1,1,1,1,1,0
zh_c8b30988a49f4198803ad237b4867bdf,0,0,1,0,0,0
zh_cc8f224f4578f713b16a206bdc564b61,0,0,1,0,1,0
zh_e007c62c0fe9a9ed14de9e7f181d683c,0,0,1,0,0,0
zh_551e3a5e806a20d0a779f67fdc998883,1,1,0,0,1,1
zh_c4f64551e9fbe3c5a817aa4e12654e20,0,0,0,0,0,0
zh_ffb75d6881afc9710a6e1b6bce0f1ee0,0,1,0,1,1,0
zh_32fbeb77fa1c01d8b608aeffcc6ece81,1,1,1,1,1,0
zh_39a498998b2c9b90d661949481982165,1,0,0,0,0,0
zh_241fdb7e00af2b053ae01245535a36ed,1,0,1,0,0,1
zh_9fe6cf299760334f9028847b7b667e2c,1,1,1,0,1,1
zh_2c5f69f234df7fd75c70b886bbc7b5c0,0,0,0,0,0,0
zh_dcd0a00a1e726dffda2a9bea396639a8,0,0,0,1,1,0
zh_694af520d0868b79dc044ede50b58e25,0,0,1,0,0,0
zh_103fac867adbb6d5cd9dda791efae63b,1,1,0,0,1,0
zh_ace28dd7582b7a0ba528367637926a3f,0,0,1,0,0,0
zh_4c4b57b7d6580e8055fb3c7bb1510f01,0,0,1,0,0,0
zh_dde4668b342a5834d2c5fa7081a5bbf9,1,0,0,0,1,0
zh_ee56d9865a90bc052e225fe8c3b87bbf,1,1,0,0,0,0
zh_ffb8ff834b13d17a689c297e3d911909,0,0,1,0,0,0
zh_d1c8a1316a582040d5fd5b4c67d8334f,0,0,1,0,0,0
zh_63265bccc9bc6aa9339d56ea4cc26a47,0,0,1,0,0,0
zh_a2a3d59e336d5fb6719724045e0dd63a,0,0,0,0,0,0
zh_3987d4c5ae7729d941551c39f495985e,0,0,0,0,0,0
zh_13e54963b393311b89191d91b5a64212,1,0,0,0,0,0
zh_70b97631bf8bcfe23e0d978b1cfbc291,1,1,1,0,0,1
zh_e03da5f3633033c94c1496e57f6f7807,1,1,1,0,0,0
zh_e48158e0bd395f7ef260c945aa362b48,0,0,1,0,0,0
zh_c2b7cadf638a3c3686be8a36e4fd53de,0,1,1,1,1,0
zh_3a535f0e7c9dac7f781ada28695256d9,0,0,1,0,0,0
zh_e81969b431b03564ce371fec4b60f0d0,1,1,1,0,1,1
zh_e85ac60435047da2866c0ceee699311e,0,0,1,0,0,0
zh_f31c2a35374f45970065c637dc4dc3ea,0,0,1,0,0,0
zh_bd2fb5713730cea635f16b620920c72a,0,0,1,0,0,0
zh_e7d019a1d99a745f62abec52a15d27c0,0,1,0,1,1,0
zh_07401840eec9e1dbd5cd3f2d46029809,0,0,0,0,0,0
zh_de5c8967b52644d602211de0c6124cfd,1,1,1,1,1,0
zh_83712bba3826e74bea0545da04381f7b,0,0,1,0,0,0
zh_78054ee18f38e2d6daa8d2a0f00974f1,0,0,1,0,0,0
zh_6d6382c132bdc352bb221c38aea4a7ea,0,0,1,0,0,0
zh_434128310f526d6d510b0bc26dcb7171,1,1,1,0,0,0
zh_3f2ffc857f278b5a35a4bae7e4039e62,0,0,1,0,0,0
zh_6c49b43485ac1bcfe027d418a22c2ad0,0,0,1,0,0,0
zh_90eff6e824bffc5b7575df4f11b5cc5b,0,0,0,0,0,0
zh_1ccf445cc1d7dd014e2a4d7bfc585f1a,0,0,0,0,0,0
zh_175bb8686486965bf1abf2dffa6b22c4,0,0,1,0,0,0
zh_8f3f5c2d524af296993747d50dc92a18,0,0,1,0,1,0
zh_e8338b14e56d5a5d3e5c1f3267aacfba,0,0,1,0,0,0
zh_f50d80ae3b8d6e24cd5199fef76bdd80,0,0,0,0,0,0
zh_3a236488602e51fc2b8b8ed46ba99347,0,0,1,0,0,0
zh_ab627906c10a90b84055660eeb1fac57,0,0,0,0,0,0
zh_cac2d7b8474ba384cf8cb6a6ffad7056,1,0,0,0,0,0
zh_10b60096968034721d5772e3f19d0d1c,0,0,1,0,0,0
zh_b5092dbc513474ebd4bfcebe62c51432,0,0,0,0,0,0
zh_2fa7aa1c7021d6c6687c4347b7c26a86,0,0,0,0,0,0
zh_f0003f6fdf635c15d2353706ee8c89fb,0,0,0,0,0,0
zh_6918dae82758eb45a8ffd2ef32218398,0,0,0,0,0,0
zh_74cf980d10da7d4135b74ce888703bb1,0,0,0,0,0,0
zh_666cc4be5950aa821d0df598b3b144d8,0,0,0,0,0,0
zh_edb3d758f21651fc49e8c2e87cedfc01,0,0,0,0,0,0
zh_f59c88b2151ba53a002801db6ec4bc33,0,0,0,0,0,0
zh_32932a0fe814baed758cd26149bf4ba3,0,0,0,0,0,0
zh_3383cce7d6b95c4e870e34abdd9ca589,0,0,0,0,0,0
zh_b44e7f0304680af48e4b0f15d454aea5,0,0,0,0,0,0
zh_92d0272254616c3ee60bb5657d2b32a1,0,0,0,0,0,0
zh_368739f5063cdea9420a5159d591504f,0,0,0,0,0,0
zh_7474aa52f8c682304b7f42616814150d,0,0,0,0,0,0
zh_5c4f2c7b294c81be459605428a3a8ac8,0,0,0,0,0,0
zh_6647d8fd3cc785c5e02174804264d592,0,0,0,0,0,0
zh_9fd3f2deb48b2a0a5b986a7dcdb4a5d6,0,0,0,0,0,0
zh_8518e1f17c6e145854a8e097b84521e8,0,0,0,0,0,0
zh_e0d2f13f54262c00ad651482deac8f4f,0,0,0,0,0,0
zh_194bef0bf27ca145837fc322684aad9c,0,0,0,0,0,0
zh_c7c7309e63e4329e3cf151e06e3fa1e5,0,0,1,0,0,0
zh_74f34a8a6e2ef4628f604ffed51353e6,0,0,0,0,0,0
zh_9840a2f7cc6e5a757f7c8ca72ca734de,0,0,0,0,0,0
zh_6826f3089d8f30d796779ca212ab5ba4,0,0,0,0,0,0
zh_298a180d8a981c9e0b0e50dac0342345,0,0,0,0,0,0
zh_42acefb83340e6c5e0dc5a9064ac12a7,0,0,0,0,0,0
zh_a22c43a2ce5c8432b4af3d783cf95f42,0,0,1,0,0,0
zh_3edf946aec88f02140d351c5a38fbffa,0,0,0,0,0,0
zh_cf0ea8d5377cc06bfa02710ae2c78ef7,0,0,0,0,0,0
zh_e96cf09256f4e92618eefd8d971f02f2,0,0,0,0,0,0
zh_dc511c8861570c980e9b1d8b6351d265,0,0,0,0,0,0
zh_82f28cf98d58eb54cb497233a98ad94f,0,0,0,0,0,0
zh_036e035afad7cb962b8437868a6a8014,0,0,0,0,0,0
zh_2b5f628cbb089b6645c1a15599841417,0,0,0,0,0,0
zh_5a9751b526958d554360c877e5db8c66,0,0,0,0,0,0
zh_93830b5bc1151e4e161da31e17107b17,0,0,1,0,0,0
zh_6db38d37fb5fbf5eb1142a825d5d3d2e,0,0,0,0,0,0
zh_9890cdad42e4625f0d2df94b88715d10,0,0,0,0,0,0
zh_5b61bebb9fda3fd7116f80100fc8f662,0,0,0,0,0,0
zh_072394f172444eabb73c8dfb91037752,0,0,0,0,0,0
zh_40e1bfe17555d0c9b8b22420a407580a,0,0,0,0,0,0
zh_db426b923671d209ce37b0b05229782a,0,0,0,0,0,0
zh_51c5a20a4b8aad0e0e8324eb975d5467,0,0,0,0,0,0
zh_268e8fd0563c22997018a82692db8327,0,0,0,0,0,0
zh_9370120f059c3ec990defbe67ace72e7,0,0,0,0,0,0
zh_7fda8b7a47f4236edc31c64b5d20a0bb,0,0,0,0,0,0
zh_0be1f6a78b8346d2ebc2f315d53d3435,0,0,0,0,0,0
zh_4e9a62fbf8b9bd7a119f69e74f2f3f3a,0,0,0,0,0,0
zh_224f57cf4c12425fc4a551b2c1d556fc,0,0,0,0,0,0
zh_b6516abb33e44acbbfa40afcfb6975d0,0,0,0,0,0,0
zh_b21589c7ebd63e14be17e6acc1573332,0,0,0,0,0,0
zh_ceb5a90fa3da48cd76654f59c1bd13ed,0,0,0,0,0,0
zh_46aa2670fd5a9dba95a2ed7b76999e2b,0,0,0,0,0,0
zh_56b419de60993dfe3aa78f5ddb04b62a,0,0,1,0,0,0
zh_7e481b633c8b63b3490f9af8b1265f4b,0,0,0,0,0,0
zh_cf4d213590404477f054ba428ec19e91,0,0,0,0,0,0
zh_0292993a9f126c3cea23c79a9a94d992,0,0,1,0,0,0
zh_66db262a7759b60def5052b5ee55946b,0,0,0,0,0,0
zh_dd5d95ffe31248b45bd4ba791447589c,0,0,0,0,0,0
zh_9beabd0262163a3fa2b8b314b3f43766,0,0,1,0,0,0
zh_26b626516ef5e515bb58c9a398157115,0,0,0,0,0,0
zh_103fd60e71d5aad8419fa2201a82f83d,0,0,0,0,0,0
zh_a65917885f5c528bdcbd70527f19c8e0,0,0,0,0,0,0
zh_843d31396c5f1e840ebe4854565fb53e,0,0,0,0,0,0
zh_cb6911bfff5227a7bd546821d0d1269c,0,0,0,0,0,0
zh_5f9a845efb38a44a201ceb37cfdc211c,0,0,1,0,0,0
zh_0596defe64268693e71ef7f5299f8658,0,0,0,0,0,0
zh_f8070a82f776003aaab882606452603b,0,0,0,0,0,0
zh_1e3ef5f851ca154570120ab1b70b3f75,0,0,0,0,0,0
zh_51376a72da29d2157be7950603de0cd8,0,0,0,0,0,0
zh_4248e198d488b4d0198b5087471ed04c,0,0,0,0,0,0
zh_72dc306a245f344b2d07172c8c21e486,0,0,0,0,0,0
zh_f2898e180fa958e8aaefd3fdcb58dff6,0,0,0,0,0,0
zh_a38f36a5b1cdb6caaf4af805d8ca9d08,0,0,0,0,0,0
zh_d6c6d3e684ae50c3428ac004ed6c5fc6,0,0,0,0,0,0
zh_044a00e29b3c590b4bf26502e2a01426,0,0,0,0,0,0
zh_e4863d43522aea220af8006ee5849122,0,0,0,0,0,0
zh_83a40534ba49e350c4b36c8914958e40,0,0,0,0,1,0
zh_d323c7b5db5da32ad57e7da215d88f44,0,0,0,0,0,0
zh_3dc89e5b72f5cabf34d506040660765d,0,0,0,0,0,0
zh_b74302c96f54f5261e91a7bfece6c732,0,0,0,0,0,0
zh_9a5738d56f0899654b37e35895989471,0,0,0,0,0,0
zh_b584c08abc306c743123cfa2b0e4853d,0,0,0,0,0,0
zh_d104518dd46c27cd0cef1799d22a4fcb,0,0,0,0,0,0
zh_20403c0c65b32cbd818a0d7dacd2274e,0,0,0,0,0,0
zh_592b040248296f5c691ed38f1e69cc14,0,0,0,0,0,0
zh_7f48e4ed3527f90d97d05442ee6cac20,0,0,0,0,0,0
zh_0b8804344a356d182601da6592fdac44,0,0,0,0,0,0
zh_f188cca1fe24317abce788057a828e35,0,0,0,0,0,0
zh_218a5aa53308d10520842e737cc025a4,0,0,0,0,0,0
zh_4eba4fc51cc9b530c53ee10be5970b95,0,0,0,0,0,0
zh_197235301734937a9c82b35c31990fdb,0,0,0,0,0,0
zh_447955fc0a96d631925ad3e546cb6354,0,0,0,0,0,0
zh_22df867ec711694fb85f50c8a14553f4,0,0,0,0,0,0
zh_404127b0df77eb78a9ce3d1cb9f10aad,0,0,0,0,0,0
zh_cb8e42e11fcef9a8ca2530333beef445,0,0,0,0,0,0
zh_ca84b45f6f24304ef60e23bed2cf14f5,0,0,0,0,0,0
zh_fceac2516d3e968edc40eeffd50380e1,0,0,0,0,0,0
zh_2070121e979aa715a6d18d4a27fd209b,0,0,0,0,0,0
zh_eb5d3c24a2be500f16897ae940dadfb6,0,0,0,0,0,0
zh_30c3416d7e9a877e42f2b7ee3b66c867,0,0,0,0,0,0
